{
  "id": "1993836",
  "name": "blog-cms",
  "font_family": "ali-iconfont",
  "css_prefix_text": "icon-",
  "description": "",
  "glyphs": [
    {
      "icon_id": "169640",
      "name": "访问量",
      "font_class": "pv",
      "unicode": "e60a",
      "unicode_decimal": 58890
    },
    {
      "icon_id": "3346279",
      "name": "浏览量",
      "font_class": "click",
      "unicode": "e6b2",
      "unicode_decimal": 59058
    },
    {
      "icon_id": "1123781",
      "name": "新访客",
      "font_class": "xinfangke",
      "unicode": "e647",
      "unicode_decimal": 58951
    },
    {
      "icon_id": "12875242",
      "name": "文章",
      "font_class": "article",
      "unicode": "e6ad",
      "unicode_decimal": 59053
    },
    {
      "icon_id": "14444479",
      "name": "用户",
      "font_class": "yonghu",
      "unicode": "e6fe",
      "unicode_decimal": 59134
    },
    {
      "icon_id": "309628",
      "name": "log-out",
      "font_class": "logout",
      "unicode": "e637",
      "unicode_decimal": 58935
    },
    {
      "icon_id": "36019",
      "name": "friend",
      "font_class": "friend",
      "unicode": "e6cc",
      "unicode_decimal": 59084
    },
    {
      "icon_id": "1259928",
      "name": "编辑站点",
      "font_class": "bianjizhandian",
      "unicode": "e706",
      "unicode_decimal": 59142
    },
    {
      "icon_id": "1723000",
      "name": "菜单管理",
      "font_class": "caidanguanli",
      "unicode": "e7c0",
      "unicode_decimal": 59328
    },
    {
      "icon_id": "902029",
      "name": "标签",
      "font_class": "biaoqian",
      "unicode": "e62b",
      "unicode_decimal": 58923
    },
    {
      "icon_id": "17548625",
      "name": "评论",
      "font_class": "pinglun-blue",
      "unicode": "e7c1",
      "unicode_decimal": 59329
    },
    {
      "icon_id": "594378",
      "name": "评论",
      "font_class": "pinglun",
      "unicode": "e63a",
      "unicode_decimal": 58938
    },
    {
      "icon_id": "929213",
      "name": "dashboard",
      "font_class": "dashboard",
      "unicode": "e6bc",
      "unicode_decimal": 59068
    }
  ]
}
